Hash,Date
d3bbe7088e421e9cf0bb8b94b86ec0a6d300088a76d96493b5b70efa723b77ba,2017-05-22 20:29:38
361ecad3ed93175ee6777fc771ef2f57f35ce81d59dc68fa187ec95411c08290,2017-05-22 19:10:05
1961352452f5477e42c467ac67478cce5338cfd32b897329b2fa75518ba2b035,2017-05-22 13:06:16
57bf18e8acaf643a62e905aa6c574e8e4f21b660705e1080e3e7eb45adc839aa,2017-05-22 12:32:57
ee12eb9c81e8963899316805de6c7237ba4ceba9dbd5b92aa123fd789f15e52f,2017-05-22 12:08:06
d19c48efffecaaadfaa227e72ea5f8f94c46d5949f4415ea2cb78029cd6c147e,2017-05-22 12:04:32
1197d27d67031cabf59dd2e887495cc6d209dc82ece42c016a7337a3f897eb30,2017-05-22 11:43:10
5d1cae6eeafd0e9c1890595703f59862fbc3aa34d3a07d53392bc76c8f295339,2017-05-22 07:39:01
abe687a446e5bfd558c51fe96a24607cb1f27ce1acbf338a09f47dfee444a52d,2017-05-22 06:09:58
e1149291d132535ee4b6688e0169efd559da2629fad378afb517f3c9cbd06157,2017-05-22 05:16:13
fd89427868e91e3e2f0943d877da5f1ca8804d70ecdd41d4b0b290f18ff0faa9,2017-05-22 05:12:50
6e6723331770d7c21bfe54049122214208a9681afeb7efb25479a3079073abbd,2017-05-22 04:48:16
821843e7ab504526648ce1082428d2812007e8306bd614d39a3c019d05a2ecee,2017-05-22 03:04:05
88fb029ae0e07ada16107cd5fbbddf4e32954aab3349af6b2114b8200e700fa2,2017-05-22 02:06:11
6cc6b1c1f09a9faedd58b1ab971169941cb6cbe1591cdb763cbeab21d12d36cb,2017-05-22 01:56:21
0322646148aa7c4d6934023599bb6cd816a338ce90835e373d4baa68af6536da,2017-05-22 00:32:17
ba00633a1a7a407de58604ebbbc9e52744334cf19c2b3e0c94b610fed9fe61f6,2017-05-22 00:32:11
2f33d53eccaed0560a803ba1646e8c3b10e0f392f2e485bf1f4426fa9a9f6394,2017-05-21 23:01:53
c3a20c94ca0b976c43859082a4cccb9c9296ecb14c5d443956d9f51e053cfc24,2017-05-21 22:19:32
18c8035be7d89ba4ae2d8957356543b7ecc9d8cb4e6a9897700162c9186cb0cb,2017-05-21 21:46:32
baf5b73cf546e4861ebc9b01b7211d395e53c54bf5d356ed0dbb300b1644a708,2017-05-21 21:40:23
94ef372d4d34d6c77312e3f1abccc0c2df12a04f39841c6a1b13ab09efd5c3a2,2017-05-21 21:37:03
8c6c496de55a3ac530cae310a18cbf026e8edd40c404a43080e15ef4cb69a2dd,2017-05-21 20:55:56
513b04c114ad19fa1a8fd50134e2e0892675ca243762cfdda1eac53f1b10bc06,2017-05-21 18:29:17
8ca9daf0d47582aed84ab2f0a6dfffdeaec0f60b9e9b250a8154e7819cef6812,2017-05-21 12:09:00
204a3bb334c62cbba2cbc83ffedb0eaf65f199fbe533f3e91b753b2750d0778c,2017-05-21 10:47:13
c43f1a402a8d8802190790305cdbefafee7c9ad458dc54e8eaf2f0e811742e1c,2017-05-21 10:26:18
3fc6fc81c0eff85744a0cb203f81bcbf1333fa63aaf4c56502dc517636496c67,2017-05-21 09:46:12
d33db07b038d7b8ed449d4455e77a3a92fa54ef922f97ec631f64715c6fcda45,2017-05-21 08:22:24
03baf0ffae655fb27acc9a5c581a5a2487b8bf291cd6f6b16d3d66b148717156,2017-05-21 07:13:49
014163d41f8f33989666998d2f2c27e577ef7f9eedcf581d239314eab55c1b84,2017-05-21 06:33:50
39ddd08261763b0c1ab34a389c2850c99d9964e62d8154cf795f7a424fc95a26,2017-05-21 05:39:20
2cb377bc800ee619f24d353b5d0e402ab166cb3a7af5373cf7b0d06c61ce16cc,2017-05-21 05:24:51
8792e2541a935c474a01ca672090497d2f6268ec99f210c899ab49fef16f17c7,2017-05-21 04:58:34
9f9dec05bd50f9b258ab6af5ea0cb6d2aa592eb2961240d6812cd0d093481892,2017-05-21 04:47:35
51b87480513d2b1db37c2b454e8af0629ca333b5a178ca2245c85cc43979eeee,2017-05-21 04:10:22
6904e98a76bc593a2728223f1765f2b7d9f88780ece7cc5c1389204987243ba2,2017-05-21 04:00:14
ea25f6772b5b3e2aed1637c4110f9b07b96514e61bd00e8ebeeef5035b4bec72,2017-05-21 02:39:03
0ed42207b764eb3dda12a932596a8e1265f3bbad4d05b7ee027c659b3aadcbc3,2017-05-21 02:23:52
1572f8e558cf196e2522851de46448da29b66ebd308feefbf03fcdea93e7e229,2017-05-21 02:08:04
000ad3c40f037c48471c3f84f927644c8eb3715bdf48cc546a8a8fddcc3f37db,2017-05-21 00:20:46
57492e23f01f6a8a7d9bc1542950ebf1412e24db4133553940a3fb9d64ad3322,2017-05-20 21:37:23
c832c9054c2f5c9396c2b782e90877348e61080c7184cb435a0734a84bf2f1ba,2017-05-20 21:30:26
6315b92f376958cdb882a285656af2b5a4af1d5cdd93fe34da5a2b380b177c82,2017-05-20 17:50:00
917a18a6eb64a29dc16c1db74ebcf76b64a4ab12fffb1b19869e540baad488f0,2017-05-20 14:45:48
cec4e75e9d8a2fd6855bd842b7a5f01a66ac55ccaa21267716028d5e44b2d881,2017-05-20 13:55:05
9e1b843e14e7c05ee193c549df89b9250504f2cb5027082066dd4f10424a8f35,2017-05-20 13:28:23
9c78549112891e35e5057894146f1b9d0ddbc34073d37946a20b5bc0b8377a39,2017-05-20 12:52:36
744495404f2f3f60f581881a96257b4cd7d171a21f30476e5a95c5948c817a20,2017-05-20 12:44:45
6d67db42b86fab99f9967228b914512c06b490f748ccaa724c69095cf32b2d4f,2017-05-20 11:16:03
